[{"id":"user-image-logo.png","publicUrl":"np://user.desktop.nicepage.com/Site_947306056/images/logo.png","size":23182,"hash":"mgsNC7IJ+4iXY8r+sEETFRiLPlQ=","fileName":"logo.png","name":"logo","width":354,"height":211,"thumbnail":{"url":"np://user.desktop.nicepage.com/Site_947306056/images/thumbnails/logo.png","width":250,"height":149},"folderId":null,"usages":["19357903"]},{"id":"user-image-IMAG01651.jpg","publicUrl":"np://user.desktop.nicepage.com/Site_947306056/images/IMAG01651.jpg","size":169132,"hash":"P+VqpWlcH6piW8p4yqymea5ehvc=","fileName":"IMAG01651.jpg","name":"IMAG01651","width":1910,"height":1080,"thumbnail":{"url":"np://user.desktop.nicepage.com/Site_947306056/images/thumbnails/IMAG01651.jpg","width":250,"height":141},"folderId":null,"usages":["19357903"]},{"id":"user-image-IMG_20190420_220507.jpg","publicUrl":"np://user.desktop.nicepage.com/Site_947306056/images/IMG_20190420_220507.jpg","size":551514,"hash":"eDpEWonPSS9kZPknHTWJUsFL5tc=","fileName":"IMG_20190420_220507.jpg","name":"IMG_20190420_220507","width":1440,"height":1080,"thumbnail":{"url":"np://user.desktop.nicepage.com/Site_947306056/images/thumbnails/IMG_20190420_220507.jpg","width":250,"height":188},"folderId":null,"usages":["19357903"]},{"id":"user-image-20231224_1408472.jpg","publicUrl":"np://user.desktop.nicepage.com/Site_947306056/images/20231224_1408472.jpg","size":396547,"hash":"iUiA9BydoWQBRhcAPwBMxztVFng=","fileName":"20231224_1408472.jpg","name":"20231224_1408472","width":1918,"height":1080,"thumbnail":{"url":"np://user.desktop.nicepage.com/Site_947306056/images/thumbnails/20231224_1408472.jpg","width":250,"height":141},"folderId":null,"usages":["19357903"]},{"id":"user-image-PXL_20230707_1839249384.jpg","publicUrl":"np://user.desktop.nicepage.com/Site_947306056/images/PXL_20230707_1839249384.jpg","size":324272,"hash":"hDFoZmZBHnw8iUeHefAgDtK1cKw=","fileName":"PXL_20230707_1839249384.jpg","name":"PXL_20230707_1839249384","width":1440,"height":1080,"thumbnail":{"url":"np://user.desktop.nicepage.com/Site_947306056/images/thumbnails/PXL_20230707_1839249384.jpg","width":250,"height":188},"folderId":null,"usages":["19357903"]},{"id":"user-image-20150108_193621.jpg","publicUrl":"np://user.desktop.nicepage.com/Site_947306056/images/20150108_193621.jpg","size":437297,"hash":"cCRiqrcuLkyVpt+0nHc6elbHt0c=","fileName":"20150108_193621.jpg","name":"20150108_193621","width":1920,"height":1080,"thumbnail":{"url":"np://user.desktop.nicepage.com/Site_947306056/images/thumbnails/20150108_193621.jpg","width":250,"height":141},"folderId":null,"usages":["19357903"]},{"id":"user-image-PXL_20230501_0714380443.jpg","publicUrl":"np://user.desktop.nicepage.com/Site_947306056/images/PXL_20230501_0714380443.jpg","size":297985,"hash":"aZdmH7oZFpB3PBqGTLy25qjxIFs=","fileName":"PXL_20230501_0714380443.jpg","name":"PXL_20230501_0714380443","width":1440,"height":1080,"thumbnail":{"url":"np://user.desktop.nicepage.com/Site_947306056/images/thumbnails/PXL_20230501_0714380443.jpg","width":250,"height":188},"folderId":null,"usages":["19357903"]},{"id":"user-image-PXL_20220814_111727568.jpg","publicUrl":"np://user.desktop.nicepage.com/Site_947306056/images/PXL_20220814_111727568.jpg","size":439015,"hash":"rO0tzuQXZviNdzdrejKQstXqYnU=","fileName":"PXL_20220814_111727568.jpg","name":"PXL_20220814_111727568","width":1440,"height":1080,"thumbnail":{"url":"np://user.desktop.nicepage.com/Site_947306056/images/thumbnails/PXL_20220814_111727568.jpg","width":250,"height":188},"folderId":null,"usages":["19357903"]},{"id":"user-image-IMG_20190328_152902.jpg","publicUrl":"np://user.desktop.nicepage.com/Site_947306056/images/IMG_20190328_152902.jpg","size":318333,"hash":"JTsnJozFmtLrqRzucSsvoUPOHGQ=","fileName":"IMG_20190328_152902.jpg","name":"IMG_20190328_152902","width":1440,"height":1080,"thumbnail":{"url":"np://user.desktop.nicepage.com/Site_947306056/images/thumbnails/IMG_20190328_152902.jpg","width":250,"height":188},"folderId":null,"usages":["19357903"]},{"id":"user-image-IMG_20210627_1924422.jpg","publicUrl":"np://user.desktop.nicepage.com/Site_947306056/images/IMG_20210627_1924422.jpg","size":287229,"hash":"IIh1f7PPQ/dDvbZgTeWv1bRJm0E=","fileName":"IMG_20210627_1924422.jpg","name":"IMG_20210627_1924422","width":1440,"height":1080,"thumbnail":{"url":"np://user.desktop.nicepage.com/Site_947306056/images/thumbnails/IMG_20210627_1924422.jpg","width":250,"height":188},"folderId":null,"usages":["19357903"]},{"id":"user-image-IMAG0259.jpg","publicUrl":"np://user.desktop.nicepage.com/Site_947306056/images/IMAG0259.jpg","size":431349,"hash":"WTN+XsNu7xiSKg1Z6b3bNe5T08M=","fileName":"IMAG0259.jpg","name":"IMAG0259","width":1920,"height":1080,"thumbnail":{"url":"np://user.desktop.nicepage.com/Site_947306056/images/thumbnails/IMAG0259.jpg","width":250,"height":141},"folderId":null,"usages":["19357903"]},{"id":"user-image-IMG-20210810-WA0003.jpg","publicUrl":"np://user.desktop.nicepage.com/Site_947306056/images/IMG-20210810-WA0003.jpg","size":284190,"hash":"qve70TAS58g8GASUNzeCHCJ4imY=","fileName":"IMG-20210810-WA0003.jpg","name":"IMG-20210810-WA0003","width":1439,"height":1080,"thumbnail":{"url":"np://user.desktop.nicepage.com/Site_947306056/images/thumbnails/IMG-20210810-WA0003.jpg","width":250,"height":188},"folderId":null,"usages":["19357903"]},{"id":"user-image-default-logo.png","publicUrl":"np://user.desktop.nicepage.com/Site_947306056/images/default-logo.png","size":1804,"hash":"pVWyp9ScwghJ0IJ/x/tR7o2JZVo=","fileName":"default-logo.png","name":"default-logo","width":80,"height":40,"thumbnail":{"url":"np://user.desktop.nicepage.com/Site_947306056/images/thumbnails/default-logo.png","width":80,"height":40,"length":1804,"type":"png"},"folderId":null,"originalUrl":"//capp.nicepage.com/images/default-logo.png","usages":[]}]