[{"id":"user-image-IMAG01651.jpg","publicUrl":"np://user.desktop.nicepage.com/Site_947306056/images/IMAG01651.jpg","size":169132,"hash":"P+VqpWlcH6piW8p4yqymea5ehvc=","fileName":"IMAG01651.jpg","name":"IMAG01651","width":1910,"height":1080,"thumbnail":{"url":"np://user.desktop.nicepage.com/Site_947306056/images/thumbnails/IMAG01651.jpg","width":250,"height":141},"folderId":null,"usages":["19357903"]},{"id":"user-image-IMG_20190420_220507.jpg","publicUrl":"np://user.desktop.nicepage.com/Site_947306056/images/IMG_20190420_220507.jpg","size":551514,"hash":"eDpEWonPSS9kZPknHTWJUsFL5tc=","fileName":"IMG_20190420_220507.jpg","name":"IMG_20190420_220507","width":1440,"height":1080,"thumbnail":{"url":"np://user.desktop.nicepage.com/Site_947306056/images/thumbnails/IMG_20190420_220507.jpg","width":250,"height":188},"folderId":null,"usages":["19357903"]},{"id":"user-image-20231224_1408472.jpg","publicUrl":"np://user.desktop.nicepage.com/Site_947306056/images/20231224_1408472.jpg","size":396547,"hash":"iUiA9BydoWQBRhcAPwBMxztVFng=","fileName":"20231224_1408472.jpg","name":"20231224_1408472","width":1918,"height":1080,"thumbnail":{"url":"np://user.desktop.nicepage.com/Site_947306056/images/thumbnails/20231224_1408472.jpg","width":250,"height":141},"folderId":null,"usages":["19357903"]},{"id":"user-image-PXL_20230707_1839249384.jpg","publicUrl":"np://user.desktop.nicepage.com/Site_947306056/images/PXL_20230707_1839249384.jpg","size":324272,"hash":"hDFoZmZBHnw8iUeHefAgDtK1cKw=","fileName":"PXL_20230707_1839249384.jpg","name":"PXL_20230707_1839249384","width":1440,"height":1080,"thumbnail":{"url":"np://user.desktop.nicepage.com/Site_947306056/images/thumbnails/PXL_20230707_1839249384.jpg","width":250,"height":188},"folderId":null,"usages":["19357903"]},{"id":"user-image-20150108_193621.jpg","publicUrl":"np://user.desktop.nicepage.com/Site_947306056/images/20150108_193621.jpg","size":437297,"hash":"cCRiqrcuLkyVpt+0nHc6elbHt0c=","fileName":"20150108_193621.jpg","name":"20150108_193621","width":1920,"height":1080,"thumbnail":{"url":"np://user.desktop.nicepage.com/Site_947306056/images/thumbnails/20150108_193621.jpg","width":250,"height":141},"folderId":null,"usages":["19357903"]},{"id":"user-image-PXL_20230501_0714380443.jpg","publicUrl":"np://user.desktop.nicepage.com/Site_947306056/images/PXL_20230501_0714380443.jpg","size":297985,"hash":"aZdmH7oZFpB3PBqGTLy25qjxIFs=","fileName":"PXL_20230501_0714380443.jpg","name":"PXL_20230501_0714380443","width":1440,"height":1080,"thumbnail":{"url":"np://user.desktop.nicepage.com/Site_947306056/images/thumbnails/PXL_20230501_0714380443.jpg","width":250,"height":188},"folderId":null,"usages":["19357903"]},{"id":"user-image-PXL_20220814_111727568.jpg","publicUrl":"np://user.desktop.nicepage.com/Site_947306056/images/PXL_20220814_111727568.jpg","size":439015,"hash":"rO0tzuQXZviNdzdrejKQstXqYnU=","fileName":"PXL_20220814_111727568.jpg","name":"PXL_20220814_111727568","width":1440,"height":1080,"thumbnail":{"url":"np://user.desktop.nicepage.com/Site_947306056/images/thumbnails/PXL_20220814_111727568.jpg","width":250,"height":188},"folderId":null,"usages":["19357903"]},{"id":"user-image-IMG_20190328_152902.jpg","publicUrl":"np://user.desktop.nicepage.com/Site_947306056/images/IMG_20190328_152902.jpg","size":318333,"hash":"JTsnJozFmtLrqRzucSsvoUPOHGQ=","fileName":"IMG_20190328_152902.jpg","name":"IMG_20190328_152902","width":1440,"height":1080,"thumbnail":{"url":"np://user.desktop.nicepage.com/Site_947306056/images/thumbnails/IMG_20190328_152902.jpg","width":250,"height":188},"folderId":null,"usages":["19357903"]},{"id":"user-image-IMG_20210627_1924422.jpg","publicUrl":"np://user.desktop.nicepage.com/Site_947306056/images/IMG_20210627_1924422.jpg","size":287229,"hash":"IIh1f7PPQ/dDvbZgTeWv1bRJm0E=","fileName":"IMG_20210627_1924422.jpg","name":"IMG_20210627_1924422","width":1440,"height":1080,"thumbnail":{"url":"np://user.desktop.nicepage.com/Site_947306056/images/thumbnails/IMG_20210627_1924422.jpg","width":250,"height":188},"folderId":null,"usages":["19357903"]},{"id":"user-image-IMAG0259.jpg","publicUrl":"np://user.desktop.nicepage.com/Site_947306056/images/IMAG0259.jpg","size":431349,"hash":"WTN+XsNu7xiSKg1Z6b3bNe5T08M=","fileName":"IMAG0259.jpg","name":"IMAG0259","width":1920,"height":1080,"thumbnail":{"url":"np://user.desktop.nicepage.com/Site_947306056/images/thumbnails/IMAG0259.jpg","width":250,"height":141},"folderId":null,"usages":["19357903"]},{"id":"user-image-default-logo.png","publicUrl":"np://user.desktop.nicepage.com/Site_947306056/images/default-logo.png","size":1804,"hash":"pVWyp9ScwghJ0IJ/x/tR7o2JZVo=","fileName":"default-logo.png","name":"default-logo","width":80,"height":40,"thumbnail":{"url":"np://user.desktop.nicepage.com/Site_947306056/images/thumbnails/default-logo.png","width":80,"height":40,"length":1804,"type":"png"},"folderId":null,"originalUrl":"//capp.nicepage.com/images/default-logo.png","usages":[]},{"id":"user-image-bride-holds-beautiful-bridal-bouquet-close-up_8353-10474.jpg","publicUrl":"np://user.desktop.nicepage.com/Site_947306056/images/bride-holds-beautiful-bridal-bouquet-close-up_8353-10474.jpg","size":121946,"hash":"XuhtoLpZGKWXPxuaAhkRj2REgnY=","fileName":"bride-holds-beautiful-bridal-bouquet-close-up_8353-10474.jpg","name":"bride-holds-beautiful-bridal-bouquet-close-up_8353-10474","width":626,"height":939,"thumbnail":{"url":"np://user.desktop.nicepage.com/Site_947306056/images/thumbnails/bride-holds-beautiful-bridal-bouquet-close-up_8353-10474.jpg","width":167,"height":250},"folderId":null,"originalUrl":"//images03.nicepagecdn.com/c461c07a441a5d220e8feb1a/35e8fb5e9a705bf3ab15e3ea/bride-holds-beautiful-bridal-bouquet-close-up_8353-10474.jpg","usages":["19357903"]},{"id":"user-image-beautiful-bride-groom-having-their-wedding-with-guests-beach_23-2149043992.jpg","publicUrl":"np://user.desktop.nicepage.com/Site_947306056/images/beautiful-bride-groom-having-their-wedding-with-guests-beach_23-2149043992.jpg","size":168784,"hash":"y6d2mqo5z93Xe1rycO7t3MwU3vI=","fileName":"beautiful-bride-groom-having-their-wedding-with-guests-beach_23-2149043992.jpg","name":"beautiful-bride-groom-having-their-wedding-with-guests-beach_23-2149043992","width":1380,"height":920,"thumbnail":{"url":"np://user.desktop.nicepage.com/Site_947306056/images/thumbnails/beautiful-bride-groom-having-their-wedding-with-guests-beach_23-2149043992.jpg","width":250,"height":167},"folderId":null,"originalUrl":"https://assets.nicepagecdn.com/d2cc3eaa/221557/images/beautiful-bride-groom-having-their-wedding-with-guests-beach_23-2149043992.jpg","usages":["19357903"]},{"id":"user-image-fg_150.png","publicUrl":"np://user.desktop.nicepage.com/Site_947306056/images/fg_150.png","size":443,"hash":"955GFcUpZ3WpgsvE33h9axTlD2Y=","fileName":"fg_150.png","name":"fg_150","width":100,"height":100,"thumbnail":{"url":"np://user.desktop.nicepage.com/Site_947306056/images/thumbnails/fg_150.png","width":100,"height":100,"length":443,"type":"png"},"folderId":null,"originalUrl":"//images03.nicepagecdn.com/thumbs/c461c07a441a5d220e8feb1a/5f3852c0108b54f2bf237ae5/fg_150.png","usages":["19357903"]}]