[{"id":686619505,"title":"Blog Template","order":1,"templateKey":"blog","customTemplate":false,"customTemplateFilename":null,"pageLinks":[],"dateCreated":"2024-01-28T11:11:57.256Z","dateUpdated":"2024-01-28T11:11:58.585Z","folderId":null,"pageName":"Blog Template","serverPageId":null,"sectionCount":1,"status":2,"backwardUrl":null},{"id":742808632,"title":"Post Template","order":2,"templateKey":"post","customTemplate":false,"customTemplateFilename":null,"pageLinks":[],"dateCreated":"2024-01-28T11:11:57.369Z","dateUpdated":"2024-01-28T11:11:58.585Z","folderId":null,"pageName":"Post Template","serverPageId":null,"sectionCount":1,"status":2,"backwardUrl":null},{"id":23775435,"title":"Product List Template","order":3,"templateKey":"products","customTemplate":false,"customTemplateFilename":null,"pageLinks":[],"dateCreated":"2024-01-28T11:11:57.487Z","dateUpdated":"2024-01-28T11:11:58.586Z","folderId":null,"pageName":"Product List Template","serverPageId":null,"sectionCount":1,"status":2,"backwardUrl":null},{"id":728813457,"title":"Product Details Template","order":4,"templateKey":"product","customTemplate":false,"customTemplateFilename":null,"pageLinks":[],"dateCreated":"2024-01-28T11:11:57.616Z","dateUpdated":"2024-01-28T11:11:58.586Z","folderId":null,"pageName":"Product Details Template","serverPageId":null,"sectionCount":1,"status":2,"backwardUrl":null},{"id":860714146,"title":"Shopping Cart Template","order":5,"templateKey":"cart","customTemplate":false,"customTemplateFilename":null,"pageLinks":[],"dateCreated":"2024-01-28T11:11:57.722Z","dateUpdated":"2024-01-28T11:11:58.586Z","folderId":null,"pageName":"Shopping Cart Template","serverPageId":null,"sectionCount":1,"status":2,"backwardUrl":null},{"id":644612524,"title":"Checkout Template","order":6,"templateKey":"checkout","customTemplate":false,"customTemplateFilename":null,"pageLinks":[],"dateCreated":"2024-01-28T11:11:57.856Z","dateUpdated":"2024-01-28T11:11:58.586Z","folderId":null,"pageName":"Checkout Template","serverPageId":null,"sectionCount":1,"status":2,"backwardUrl":null},{"id":1724416937,"title":"Login Template","order":7,"templateKey":"login","customTemplate":false,"customTemplateFilename":null,"pageLinks":[],"dateCreated":"2024-01-28T11:11:57.956Z","dateUpdated":"2024-01-28T11:11:58.586Z","folderId":null,"pageName":"Login Template","serverPageId":null,"sectionCount":1,"status":2,"backwardUrl":null},{"id":2579326851,"title":"Page Password Template","order":8,"templateKey":"password","customTemplate":false,"customTemplateFilename":null,"pageLinks":[],"dateCreated":"2024-01-28T11:11:58.016Z","dateUpdated":"2024-01-28T11:11:58.586Z","folderId":null,"pageName":"Page Password Template","serverPageId":null,"sectionCount":1,"status":2,"backwardUrl":null},{"id":5662382,"title":"404 Not Found Template","order":9,"templateKey":"404","customTemplate":false,"customTemplateFilename":null,"pageLinks":[],"dateCreated":"2024-01-28T11:11:58.075Z","dateUpdated":"2024-01-28T11:11:58.586Z","folderId":null,"pageName":"404 Not Found Template","serverPageId":null,"sectionCount":1,"status":2,"backwardUrl":null},{"id":1580309878,"title":"Thank You Page Template","order":10,"templateKey":"ThankYou","customTemplate":false,"customTemplateFilename":null,"pageLinks":[],"dateCreated":"2024-01-28T11:11:58.127Z","dateUpdated":"2024-01-28T11:11:58.586Z","folderId":null,"pageName":"Thank You Page Template","serverPageId":null,"sectionCount":1,"status":2,"backwardUrl":null},{"id":19357903,"title":"Home","order":50,"templateKey":null,"customTemplate":false,"customTemplateFilename":null,"pageLinks":[],"dateCreated":"2024-01-28T11:15:01.281Z","dateUpdated":"2024-01-28T14:01:30.703Z","folderId":null,"pageName":"Home_19357903","serverPageId":null,"sectionCount":6,"status":2,"backwardUrl":null},{"id":212768397,"title":"About","order":100,"templateKey":null,"customTemplate":false,"customTemplateFilename":null,"pageLinks":[],"dateCreated":"2024-01-28T11:11:58.166Z","dateUpdated":"2024-01-28T11:11:58.586Z","folderId":null,"pageName":"About_212768397","serverPageId":null,"sectionCount":1,"status":2,"backwardUrl":null},{"id":4062889,"title":"Contact","order":101,"templateKey":null,"customTemplate":false,"customTemplateFilename":null,"pageLinks":[],"dateCreated":"2024-01-28T11:11:58.201Z","dateUpdated":"2024-01-28T11:11:58.586Z","folderId":null,"pageName":"Contact_4062889","serverPageId":null,"sectionCount":1,"status":2,"backwardUrl":null}]